#group,false,false,true,true,false,true,true,true,true,false,false,false,false,false,false,false,false,false
#datatype,string,long,dateTime:RFC3339,dateTime:RFC3339,dateTime:RFC3339,string,string,string,string,double,string,double,double,string,double,double,double,double
#default,_result,,,,,,,,,,,,,,,,,
,result,table,_start,_stop,_time,_measurement,device_id,enrichment_status,schema_version,current,device_type_field,energy_kwh,frequency,location_field,power,power_factor,voltage,voltage_l
,,0,2026-03-26T09:30:00Z,2026-03-26T12:00:00Z,2026-03-26T09:31:55Z,device_telemetry,TD-1,success,v1,14.4,unknown,7.1,50.155,,8047.034,0.8329,224.84,389.25
,,0,2026-03-26T09:30:00Z,2026-03-26T12:00:00Z,2026-03-26T09:32:16Z,device_telemetry,TD-1,success,v1,14.38,unknown,0,50.155,,8037.855,0.8345,224.63,388.2
,,0,2026-03-26T09:30:00Z,2026-03-26T12:00:00Z,2026-03-26T09:32:37Z,device_telemetry,TD-1,success,v1,14.32,unknown,0,50.155,,7999.324,0.8325,224.05,388.22
,,0,2026-03-26T09:30:00Z,2026-03-26T12:00:00Z,2026-03-26T09:53:37Z,device_telemetry,TD-1,success,v1,14.38,Active-Device,0,50.046,Obeya-Kormangala,7999.952,0.8247,225.83,390.91
,,0,2026-03-26T09:30:00Z,2026-03-26T12:00:00Z,2026-03-26T09:53:58Z,device_telemetry,TD-1,success,v1,14.35,Active-Device,0,50.038,Obeya-Kormangala,7984.73,0.8254,225.58,390.66
,,0,2026-03-26T09:30:00Z,2026-03-26T12:00:00Z,2026-03-26T09:54:19Z,device_telemetry,TD-1,success,v1,14.34,Active-Device,0.1,50.03,Obeya-Kormangala,7976.24,0.8251,225.55,390.63
,,0,2026-03-26T09:30:00Z,2026-03-26T12:00:00Z,2026-03-26T09:54:39Z,device_telemetry,TD-1,success,v1,14.38,Active-Device,0.1,50.021,Obeya-Kormangala,8017.846,0.8268,225.41,390.64
,,0,2026-03-26T09:30:00Z,2026-03-26T12:00:00Z,2026-03-26T09:55:00Z,device_telemetry,TD-1,success,v1,14.35,Active-Device,0.2,50.013,Obeya-Kormangala,7966.579,0.8244,225.56,390.68
,,0,2026-03-26T09:30:00Z,2026-03-26T12:00:00Z,2026-03-26T09:55:20Z,device_telemetry,TD-1,success,v1,14.33,Active-Device,0.2,50.005,Obeya-Kormangala,7962.691,0.8235,225.52,390.64
,,0,2026-03-26T09:30:00Z,2026-03-26T12:00:00Z,2026-03-26T09:55:41Z,device_telemetry,TD-1,success,v1,14.32,Active-Device,0.3,49.971,Obeya-Kormangala,7953.531,0.826,225.06,389.83
,,0,2026-03-26T09:30:00Z,2026-03-26T12:00:00Z,2026-03-26T09:56:02Z,device_telemetry,TD-1,success,v1,14.29,Active-Device,0.3,49.971,Obeya-Kormangala,7924.636,0.8266,224.78,389.33
,,0,2026-03-26T09:30:00Z,2026-03-26T12:00:00Z,2026-03-26T09:56:23Z,device_telemetry,TD-1,success,v1,14.36,Active-Device,0.4,49.988,Obeya-Kormangala,7973.967,0.8278,224.93,389.56
,,0,2026-03-26T09:30:00Z,2026-03-26T12:00:00Z,2026-03-26T09:56:44Z,device_telemetry,TD-1,success,v1,14.36,Active-Device,0.4,49.98,Obeya-Kormangala,7970.38,0.826,225,389.83
,,0,2026-03-26T09:30:00Z,2026-03-26T12:00:00Z,2026-03-26T09:57:04Z,device_telemetry,TD-1,success,v1,14.39,Active-Device,0.4,49.996,Obeya-Kormangala,8013.041,0.8294,224.99,389.59
,,0,2026-03-26T09:30:00Z,2026-03-26T12:00:00Z,2026-03-26T09:57:25Z,device_telemetry,TD-1,success,v1,14.36,Active-Device,0.5,49.988,Obeya-Kormangala,7985.905,0.8256,224.84,390.12
,,0,2026-03-26T09:30:00Z,2026-03-26T12:00:00Z,2026-03-26T09:57:46Z,device_telemetry,TD-1,success,v1,14.36,Active-Device,0.5,49.996,Obeya-Kormangala,7970.46,0.8204,225.27,390.43
,,0,2026-03-26T09:30:00Z,2026-03-26T12:00:00Z,2026-03-26T09:58:06Z,device_telemetry,TD-1,success,v1,14.51,Active-Device,0.6,49.996,Obeya-Kormangala,8049.066,0.8097,228.27,395.51
,,0,2026-03-26T09:30:00Z,2026-03-26T12:00:00Z,2026-03-26T09:58:28Z,device_telemetry,TD-1,success,v1,14.53,Active-Device,0.6,50.046,Obeya-Kormangala,8032.783,0.8082,229.15,396.89
,,0,2026-03-26T09:30:00Z,2026-03-26T12:00:00Z,2026-03-26T09:58:48Z,device_telemetry,TD-1,success,v1,14.51,Active-Device,0.7,50.063,Obeya-Kormangala,8031.002,0.8084,229.15,396.94
,,0,2026-03-26T09:30:00Z,2026-03-26T12:00:00Z,2026-03-26T09:59:09Z,device_telemetry,TD-1,success,v1,14.52,Active-Device,0.7,50.071,Obeya-Kormangala,8049.723,0.8097,229.35,397.12
,,0,2026-03-26T09:30:00Z,2026-03-26T12:00:00Z,2026-03-26T09:59:30Z,device_telemetry,TD-1,success,v1,14.55,Active-Device,0.8,50.096,Obeya-Kormangala,8072.618,0.8086,229.36,397.48
,,0,2026-03-26T09:30:00Z,2026-03-26T12:00:00Z,2026-03-26T09:59:50Z,device_telemetry,TD-1,success,v1,14.52,Active-Device,0.8,50.088,Obeya-Kormangala,8055.32,0.8092,229.48,397.34
,,0,2026-03-26T09:30:00Z,2026-03-26T12:00:00Z,2026-03-26T10:00:11Z,device_telemetry,TD-1,success,v1,14.53,Active-Device,0.9,50.113,Obeya-Kormangala,8049.73,0.8081,229.49,397.54
,,0,2026-03-26T09:30:00Z,2026-03-26T12:00:00Z,2026-03-26T10:00:32Z,device_telemetry,TD-1,success,v1,14.54,Active-Device,0.9,50.13,Obeya-Kormangala,8054.532,0.8063,229.88,398.07
,,0,2026-03-26T09:30:00Z,2026-03-26T12:00:00Z,2026-03-26T10:00:53Z,device_telemetry,TD-1,success,v1,14.55,Active-Device,1,50.13,Obeya-Kormangala,8068.024,0.8069,230.1,398.32
,,0,2026-03-26T09:30:00Z,2026-03-26T12:00:00Z,2026-03-26T10:01:14Z,device_telemetry,TD-1,success,v1,14.54,Active-Device,1,50.13,Obeya-Kormangala,8042.837,0.8049,230.05,398.32
,,0,2026-03-26T09:30:00Z,2026-03-26T12:00:00Z,2026-03-26T10:01:34Z,device_telemetry,TD-1,success,v1,14.5,Active-Device,1.1,50.138,Obeya-Kormangala,8028.761,0.8079,229.4,397.52
,,0,2026-03-26T09:30:00Z,2026-03-26T12:00:00Z,2026-03-26T10:01:55Z,device_telemetry,TD-1,success,v1,14.53,Active-Device,1.1,50.13,Obeya-Kormangala,8072.375,0.8087,229.42,397.64
,,0,2026-03-26T09:30:00Z,2026-03-26T12:00:00Z,2026-03-26T10:02:16Z,device_telemetry,TD-1,success,v1,14.52,Active-Device,1.1,50.13,Obeya-Kormangala,8064.747,0.807,229.6,397.71
,,0,2026-03-26T09:30:00Z,2026-03-26T12:00:00Z,2026-03-26T10:02:37Z,device_telemetry,TD-1,success,v1,14.51,Active-Device,1.2,50.121,Obeya-Kormangala,8020.656,0.807,229.69,397.61
,,0,2026-03-26T09:30:00Z,2026-03-26T12:00:00Z,2026-03-26T10:02:57Z,device_telemetry,TD-1,success,v1,14.48,Active-Device,1.2,50.113,Obeya-Kormangala,8016.729,0.8063,229.59,397.5
,,0,2026-03-26T09:30:00Z,2026-03-26T12:00:00Z,2026-03-26T10:03:18Z,device_telemetry,TD-1,success,v1,14.51,Active-Device,1.3,50.096,Obeya-Kormangala,8030.105,0.8083,229.49,397.44
,,0,2026-03-26T09:30:00Z,2026-03-26T12:00:00Z,2026-03-26T10:03:39Z,device_telemetry,TD-1,success,v1,14.47,Active-Device,1.3,50.096,Obeya-Kormangala,8012.992,0.8077,229.32,397.07
,,0,2026-03-26T09:30:00Z,2026-03-26T12:00:00Z,2026-03-26T10:04:00Z,device_telemetry,TD-1,success,v1,14.48,Active-Device,1.4,50.105,Obeya-Kormangala,8018.29,0.8078,229.23,397.25
,,0,2026-03-26T09:30:00Z,2026-03-26T12:00:00Z,2026-03-26T10:04:20Z,device_telemetry,TD-1,success,v1,14.53,Active-Device,1.4,50.088,Obeya-Kormangala,8036.055,0.8044,229.88,398.23
,,0,2026-03-26T09:30:00Z,2026-03-26T12:00:00Z,2026-03-26T10:04:40Z,device_telemetry,TD-1,success,v1,14.47,Active-Device,1.5,50.088,Obeya-Kormangala,8000.273,0.8068,229.44,397.52
,,0,2026-03-26T09:30:00Z,2026-03-26T12:00:00Z,2026-03-26T10:05:01Z,device_telemetry,TD-1,success,v1,14.53,Active-Device,1.5,50.063,Obeya-Kormangala,8050.378,0.8091,229.24,397.18
,,0,2026-03-26T09:30:00Z,2026-03-26T12:00:00Z,2026-03-26T10:05:22Z,device_telemetry,TD-1,success,v1,14.49,Active-Device,1.6,50.071,Obeya-Kormangala,8006.877,0.8059,229.25,397.33
,,0,2026-03-26T09:30:00Z,2026-03-26T12:00:00Z,2026-03-26T10:05:43Z,device_telemetry,TD-1,success,v1,14.48,Active-Device,1.6,50.055,Obeya-Kormangala,8005.838,0.8072,229.17,396.96
,,0,2026-03-26T09:30:00Z,2026-03-26T12:00:00Z,2026-03-26T10:06:04Z,device_telemetry,TD-1,success,v1,14.55,Active-Device,1.7,50.055,Obeya-Kormangala,8068.513,0.809,229.29,397.48
,,0,2026-03-26T09:30:00Z,2026-03-26T12:00:00Z,2026-03-26T10:06:24Z,device_telemetry,TD-1,success,v1,14.57,Active-Device,1.7,50.038,Obeya-Kormangala,8073.61,0.8082,229.36,397.38
,,0,2026-03-26T09:30:00Z,2026-03-26T12:00:00Z,2026-03-26T10:06:45Z,device_telemetry,TD-1,success,v1,14.61,Active-Device,1.7,50.03,Obeya-Kormangala,8110.565,0.8109,229.24,397.16
,,0,2026-03-26T09:30:00Z,2026-03-26T12:00:00Z,2026-03-26T10:07:06Z,device_telemetry,TD-1,success,v1,14.62,Active-Device,1.8,50.038,Obeya-Kormangala,8109.171,0.8089,229.52,397.48
,,0,2026-03-26T09:30:00Z,2026-03-26T12:00:00Z,2026-03-26T10:07:27Z,device_telemetry,TD-1,success,v1,14.61,Active-Device,1.8,50.038,Obeya-Kormangala,8128.632,0.8108,229.37,397.41
,,0,2026-03-26T09:30:00Z,2026-03-26T12:00:00Z,2026-03-26T10:07:47Z,device_telemetry,TD-1,success,v1,14.67,Active-Device,1.9,50.021,Obeya-Kormangala,8148.324,0.8098,229.3,397.24
,,0,2026-03-26T09:30:00Z,2026-03-26T12:00:00Z,2026-03-26T10:08:08Z,device_telemetry,TD-1,success,v1,14.54,Active-Device,1.9,50.005,Obeya-Kormangala,8060.476,0.8106,228.95,396.41
,,0,2026-03-26T09:30:00Z,2026-03-26T12:00:00Z,2026-03-26T10:08:29Z,device_telemetry,TD-1,success,v1,14.61,Active-Device,2,49.98,Obeya-Kormangala,8089.363,0.807,229.37,397.43
,,0,2026-03-26T09:30:00Z,2026-03-26T12:00:00Z,2026-03-26T10:08:49Z,device_telemetry,TD-1,success,v1,14.56,Active-Device,2,49.971,Obeya-Kormangala,8046.626,0.8069,229.39,397.21
,,0,2026-03-26T09:30:00Z,2026-03-26T12:00:00Z,2026-03-26T10:09:10Z,device_telemetry,TD-1,success,v1,14.55,Active-Device,2.1,49.971,Obeya-Kormangala,8045.452,0.8075,229.15,396.96
,,0,2026-03-26T09:30:00Z,2026-03-26T12:00:00Z,2026-03-26T10:09:31Z,device_telemetry,TD-1,success,v1,14.56,Active-Device,2.1,49.988,Obeya-Kormangala,8079.629,0.8107,229.09,396.62
,,0,2026-03-26T09:30:00Z,2026-03-26T12:00:00Z,2026-03-26T10:09:52Z,device_telemetry,TD-1,success,v1,14.68,Active-Device,2.2,49.996,Obeya-Kormangala,8182.888,0.8141,228.93,396.49
,,0,2026-03-26T09:30:00Z,2026-03-26T12:00:00Z,2026-03-26T10:10:12Z,device_telemetry,TD-1,success,v1,14.7,Active-Device,2.2,49.988,Obeya-Kormangala,8195.793,0.8149,228.81,396.38
,,0,2026-03-26T09:30:00Z,2026-03-26T12:00:00Z,2026-03-26T10:10:34Z,device_telemetry,TD-1,success,v1,14.64,Active-Device,2.3,49.996,Obeya-Kormangala,8134.228,0.8113,228.72,396.08
,,0,2026-03-26T09:30:00Z,2026-03-26T12:00:00Z,2026-03-26T10:10:54Z,device_telemetry,TD-1,success,v1,14.69,Active-Device,2.3,50.005,Obeya-Kormangala,8182.453,0.8133,229.21,397.04
,,0,2026-03-26T09:30:00Z,2026-03-26T12:00:00Z,2026-03-26T10:11:15Z,device_telemetry,TD-1,success,v1,14.8,Active-Device,2.4,49.98,Obeya-Kormangala,8269.124,0.8152,229.29,397.12
,,0,2026-03-26T09:30:00Z,2026-03-26T12:00:00Z,2026-03-26T10:11:36Z,device_telemetry,TD-1,success,v1,14.76,Active-Device,2.4,49.955,Obeya-Kormangala,8220.877,0.8125,229.1,396.92
,,0,2026-03-26T09:30:00Z,2026-03-26T12:00:00Z,2026-03-26T10:11:56Z,device_telemetry,TD-1,success,v1,14.75,Active-Device,2.4,49.971,Obeya-Kormangala,8192.747,0.8102,229.14,396.89
,,0,2026-03-26T09:30:00Z,2026-03-26T12:00:00Z,2026-03-26T10:12:18Z,device_telemetry,TD-1,success,v1,14.61,Active-Device,2.5,49.946,Obeya-Kormangala,8093.186,0.8098,229.05,396.98
,,0,2026-03-26T09:30:00Z,2026-03-26T12:00:00Z,2026-03-26T10:12:38Z,device_telemetry,TD-1,success,v1,14.64,Active-Device,2.5,49.955,Obeya-Kormangala,8112.309,0.8083,229.24,397.02
,,0,2026-03-26T09:30:00Z,2026-03-26T12:00:00Z,2026-03-26T10:12:59Z,device_telemetry,TD-1,success,v1,14.6,Active-Device,2.6,49.963,Obeya-Kormangala,8109.933,0.8118,229.27,396.92
,,0,2026-03-26T09:30:00Z,2026-03-26T12:00:00Z,2026-03-26T10:13:20Z,device_telemetry,TD-1,success,v1,14.59,Active-Device,2.6,49.98,Obeya-Kormangala,8061.134,0.8056,229.35,397.36
,,0,2026-03-26T09:30:00Z,2026-03-26T12:00:00Z,2026-03-26T10:13:40Z,device_telemetry,TD-1,success,v1,14.54,Active-Device,2.7,49.98,Obeya-Kormangala,8026.578,0.8044,229.41,397.4
,,0,2026-03-26T09:30:00Z,2026-03-26T12:00:00Z,2026-03-26T10:14:01Z,device_telemetry,TD-1,success,v1,14.52,Active-Device,2.7,50.005,Obeya-Kormangala,8008.106,0.8049,229.59,397.66
,,0,2026-03-26T09:30:00Z,2026-03-26T12:00:00Z,2026-03-26T10:14:22Z,device_telemetry,TD-1,success,v1,14.53,Active-Device,2.8,50.021,Obeya-Kormangala,8032.707,0.8083,229.45,397.52
,,0,2026-03-26T09:30:00Z,2026-03-26T12:00:00Z,2026-03-26T10:14:43Z,device_telemetry,TD-1,success,v1,14.46,Active-Device,2.8,50.03,Obeya-Kormangala,7975.886,0.8062,229.05,396.99
,,0,2026-03-26T09:30:00Z,2026-03-26T12:00:00Z,2026-03-26T10:15:04Z,device_telemetry,TD-1,success,v1,14.45,Active-Device,2.9,50.038,Obeya-Kormangala,7992.806,0.807,229.2,396.87
,,0,2026-03-26T09:30:00Z,2026-03-26T12:00:00Z,2026-03-26T10:15:24Z,device_telemetry,TD-1,success,v1,14.51,Active-Device,2.9,50.063,Obeya-Kormangala,8044.684,0.8096,228.79,396.5
,,0,2026-03-26T09:30:00Z,2026-03-26T12:00:00Z,2026-03-26T10:15:45Z,device_telemetry,TD-1,success,v1,14.52,Active-Device,3,50.071,Obeya-Kormangala,8043.059,0.8094,229.04,397.02
,,0,2026-03-26T09:30:00Z,2026-03-26T12:00:00Z,2026-03-26T10:16:05Z,device_telemetry,TD-1,success,v1,14.53,Active-Device,3,50.088,Obeya-Kormangala,8062.693,0.8105,229.17,396.96
,,0,2026-03-26T09:30:00Z,2026-03-26T12:00:00Z,2026-03-26T10:16:26Z,device_telemetry,TD-1,success,v1,14.51,Active-Device,3.1,50.055,Obeya-Kormangala,8043.295,0.8093,228.91,396.7
,,0,2026-03-26T09:30:00Z,2026-03-26T12:00:00Z,2026-03-26T10:16:47Z,device_telemetry,TD-1,success,v1,14.51,Active-Device,3.1,50.046,Obeya-Kormangala,8031.217,0.8091,229.14,397.01
,,0,2026-03-26T09:30:00Z,2026-03-26T12:00:00Z,2026-03-26T10:17:07Z,device_telemetry,TD-1,success,v1,14.6,Active-Device,3.1,50.063,Obeya-Kormangala,8103.695,0.8099,229.18,397.05
,,0,2026-03-26T09:30:00Z,2026-03-26T12:00:00Z,2026-03-26T10:17:28Z,device_telemetry,TD-1,success,v1,14.6,Active-Device,3.2,50.055,Obeya-Kormangala,8086.249,0.8056,229.9,398.03
,,0,2026-03-26T09:30:00Z,2026-03-26T12:00:00Z,2026-03-26T10:17:49Z,device_telemetry,TD-1,success,v1,14.58,Active-Device,3.2,50.055,Obeya-Kormangala,8066.019,0.8055,229.91,398.08
,,0,2026-03-26T09:30:00Z,2026-03-26T12:00:00Z,2026-03-26T10:18:10Z,device_telemetry,TD-1,success,v1,14.56,Active-Device,3.3,50.055,Obeya-Kormangala,8054.126,0.805,229.83,398.2
,,0,2026-03-26T09:30:00Z,2026-03-26T12:00:00Z,2026-03-26T10:18:31Z,device_telemetry,TD-1,success,v1,14.58,Active-Device,3.3,50.038,Obeya-Kormangala,8063.068,0.8064,229.56,398.02
,,0,2026-03-26T09:30:00Z,2026-03-26T12:00:00Z,2026-03-26T10:18:51Z,device_telemetry,TD-1,success,v1,14.67,Active-Device,3.4,50.046,Obeya-Kormangala,8144.459,0.8077,229.95,398.29
,,0,2026-03-26T09:30:00Z,2026-03-26T12:00:00Z,2026-03-26T10:19:12Z,device_telemetry,TD-1,success,v1,14.65,Active-Device,3.4,50.03,Obeya-Kormangala,8113.197,0.8061,230.02,398.36
,,0,2026-03-26T09:30:00Z,2026-03-26T12:00:00Z,2026-03-26T10:19:33Z,device_telemetry,TD-1,success,v1,14.58,Active-Device,3.5,50.03,Obeya-Kormangala,8075.254,0.8048,229.92,398.38
,,0,2026-03-26T09:30:00Z,2026-03-26T12:00:00Z,2026-03-26T10:19:54Z,device_telemetry,TD-1,success,v1,14.54,Active-Device,3.5,50.03,Obeya-Kormangala,8033.85,0.8027,229.97,398.6
,,0,2026-03-26T09:30:00Z,2026-03-26T12:00:00Z,2026-03-26T10:20:15Z,device_telemetry,TD-1,success,v1,14.55,Active-Device,3.6,50.038,Obeya-Kormangala,8033.716,0.804,229.99,398.24
,,0,2026-03-26T09:30:00Z,2026-03-26T12:00:00Z,2026-03-26T10:20:35Z,device_telemetry,TD-1,success,v1,14.55,Active-Device,3.6,50.046,Obeya-Kormangala,8042.347,0.805,229.92,398.2
,,0,2026-03-26T09:30:00Z,2026-03-26T12:00:00Z,2026-03-26T10:20:56Z,device_telemetry,TD-1,success,v1,14.54,Active-Device,3.7,50.063,Obeya-Kormangala,8036.808,0.8058,229.91,398.28
,,0,2026-03-26T09:30:00Z,2026-03-26T12:00:00Z,2026-03-26T10:21:17Z,device_telemetry,TD-1,success,v1,14.51,Active-Device,3.7,50.046,Obeya-Kormangala,8032.198,0.8072,229.42,397.12
,,0,2026-03-26T09:30:00Z,2026-03-26T12:00:00Z,2026-03-26T10:21:37Z,device_telemetry,TD-1,success,v1,14.55,Active-Device,3.8,50.063,Obeya-Kormangala,8062.233,0.8083,229.24,397.27
,,0,2026-03-26T09:30:00Z,2026-03-26T12:00:00Z,2026-03-26T10:21:58Z,device_telemetry,TD-1,success,v1,14.54,Active-Device,3.8,50.046,Obeya-Kormangala,8047.927,0.8072,229.34,397.17
,,0,2026-03-26T09:30:00Z,2026-03-26T12:00:00Z,2026-03-26T10:22:19Z,device_telemetry,TD-1,success,v1,14.53,Active-Device,3.8,50.038,Obeya-Kormangala,8029.888,0.8068,229.5,397.55
,,0,2026-03-26T09:30:00Z,2026-03-26T12:00:00Z,2026-03-26T10:22:40Z,device_telemetry,TD-1,success,v1,14.59,Active-Device,3.9,50.03,Obeya-Kormangala,8091.458,0.8088,229.38,397.42
,,0,2026-03-26T09:30:00Z,2026-03-26T12:00:00Z,2026-03-26T10:23:00Z,device_telemetry,TD-1,success,v1,14.55,Active-Device,3.9,50.005,Obeya-Kormangala,8040.554,0.8057,229.38,397.41
,,0,2026-03-26T09:30:00Z,2026-03-26T12:00:00Z,2026-03-26T10:23:21Z,device_telemetry,TD-1,success,v1,14.51,Active-Device,4,50.013,Obeya-Kormangala,8002.987,0.8046,229.52,397.45
,,0,2026-03-26T09:30:00Z,2026-03-26T12:00:00Z,2026-03-26T10:23:42Z,device_telemetry,TD-1,success,v1,14.51,Active-Device,4,50.021,Obeya-Kormangala,8003.288,0.8056,229.52,397.56
,,0,2026-03-26T09:30:00Z,2026-03-26T12:00:00Z,2026-03-26T10:24:02Z,device_telemetry,TD-1,success,v1,14.55,Active-Device,4.1,50.005,Obeya-Kormangala,8030.271,0.8028,229.4,397.5
,,0,2026-03-26T09:30:00Z,2026-03-26T12:00:00Z,2026-03-26T10:24:23Z,device_telemetry,TD-1,success,v1,14.55,Active-Device,4.1,50.005,Obeya-Kormangala,8024.616,0.8018,230.14,398.59
,,0,2026-03-26T09:30:00Z,2026-03-26T12:00:00Z,2026-03-26T10:24:44Z,device_telemetry,TD-1,success,v1,14.54,Active-Device,4.2,50.021,Obeya-Kormangala,8020.769,0.8023,230.04,398.55
,,0,2026-03-26T09:30:00Z,2026-03-26T12:00:00Z,2026-03-26T10:25:04Z,device_telemetry,TD-1,success,v1,14.54,Active-Device,4.2,50.013,Obeya-Kormangala,8003.429,0.8018,230.04,398.43
,,0,2026-03-26T09:30:00Z,2026-03-26T12:00:00Z,2026-03-26T10:25:25Z,device_telemetry,TD-1,success,v1,14.49,Active-Device,4.3,50.013,Obeya-Kormangala,7986.475,0.8044,229.78,397.7
,,0,2026-03-26T09:30:00Z,2026-03-26T12:00:00Z,2026-03-26T10:25:46Z,device_telemetry,TD-1,success,v1,14.52,Active-Device,4.3,50.021,Obeya-Kormangala,8012.892,0.8065,229.52,397.11
,,0,2026-03-26T09:30:00Z,2026-03-26T12:00:00Z,2026-03-26T10:26:06Z,device_telemetry,TD-1,success,v1,14.48,Active-Device,4.4,50.021,Obeya-Kormangala,8005.918,0.8068,229.28,397.17
,,0,2026-03-26T09:30:00Z,2026-03-26T12:00:00Z,2026-03-26T10:26:27Z,device_telemetry,TD-1,success,v1,14.55,Active-Device,4.4,50.013,Obeya-Kormangala,8041.904,0.8072,229.22,397.18
,,0,2026-03-26T09:30:00Z,2026-03-26T12:00:00Z,2026-03-26T10:26:48Z,device_telemetry,TD-1,success,v1,14.5,Active-Device,4.4,50.03,Obeya-Kormangala,7996.84,0.8046,229.46,397.41
,,0,2026-03-26T09:30:00Z,2026-03-26T12:00:00Z,2026-03-26T10:27:08Z,device_telemetry,TD-1,success,v1,14.44,Active-Device,4.5,50.03,Obeya-Kormangala,7957.722,0.8034,229.63,397.73
,,0,2026-03-26T09:30:00Z,2026-03-26T12:00:00Z,2026-03-26T10:27:29Z,device_telemetry,TD-1,success,v1,14.48,Active-Device,4.5,50.013,Obeya-Kormangala,8016.463,0.8105,229.38,396.25
,,0,2026-03-26T09:30:00Z,2026-03-26T12:00:00Z,2026-03-26T10:27:50Z,device_telemetry,TD-1,success,v1,14.58,Active-Device,4.6,50.03,Obeya-Kormangala,8095.467,0.8119,228.56,396.09
,,0,2026-03-26T09:30:00Z,2026-03-26T12:00:00Z,2026-03-26T10:28:10Z,device_telemetry,TD-1,success,v1,14.61,Active-Device,4.6,50.021,Obeya-Kormangala,8119.333,0.8134,228.86,396.35
,,0,2026-03-26T09:30:00Z,2026-03-26T12:00:00Z,2026-03-26T10:28:31Z,device_telemetry,TD-1,success,v1,14.58,Active-Device,4.7,50.013,Obeya-Kormangala,8086.824,0.8122,228.67,396.07
,,0,2026-03-26T09:30:00Z,2026-03-26T12:00:00Z,2026-03-26T10:28:51Z,device_telemetry,TD-1,success,v1,14.62,Active-Device,4.7,49.996,Obeya-Kormangala,8135.648,0.8106,228.66,397.06
,,0,2026-03-26T09:30:00Z,2026-03-26T12:00:00Z,2026-03-26T10:29:12Z,device_telemetry,TD-1,success,v1,14.64,Active-Device,4.8,49.996,Obeya-Kormangala,8122.007,0.8086,229.51,397.37
,,0,2026-03-26T09:30:00Z,2026-03-26T12:00:00Z,2026-03-26T10:29:32Z,device_telemetry,TD-1,success,v1,14.63,Active-Device,4.8,50.03,Obeya-Kormangala,8114.414,0.8087,229.54,397.64
,,0,2026-03-26T09:30:00Z,2026-03-26T12:00:00Z,2026-03-26T10:29:53Z,device_telemetry,TD-1,success,v1,14.61,Active-Device,4.9,50.046,Obeya-Kormangala,8091.66,0.8058,229.67,397.85
,,0,2026-03-26T09:30:00Z,2026-03-26T12:00:00Z,2026-03-26T10:30:13Z,device_telemetry,TD-1,success,v1,14.57,Active-Device,4.9,50.055,Obeya-Kormangala,8063.265,0.8059,229.99,398.24
,,0,2026-03-26T09:30:00Z,2026-03-26T12:00:00Z,2026-03-26T10:30:34Z,device_telemetry,TD-1,success,v1,14.59,Active-Device,5,50.08,Obeya-Kormangala,8075.619,0.8044,230.18,398.69
,,0,2026-03-26T09:30:00Z,2026-03-26T12:00:00Z,2026-03-26T10:30:55Z,device_telemetry,TD-1,success,v1,14.59,Active-Device,5,50.105,Obeya-Kormangala,8080.587,0.8036,230.55,399.5
,,0,2026-03-26T09:30:00Z,2026-03-26T12:00:00Z,2026-03-26T10:31:15Z,device_telemetry,TD-1,success,v1,14.69,Active-Device,5,50.121,Obeya-Kormangala,8157.507,0.8042,230.82,400.35
,,0,2026-03-26T09:30:00Z,2026-03-26T12:00:00Z,2026-03-26T10:31:35Z,device_telemetry,TD-1,success,v1,14.65,Active-Device,5.1,50.13,Obeya-Kormangala,8135.964,0.8034,231.06,400.62
,,0,2026-03-26T09:30:00Z,2026-03-26T12:00:00Z,2026-03-26T10:31:56Z,device_telemetry,TD-1,success,v1,14.78,Active-Device,5.1,50.13,Obeya-Kormangala,8225.132,0.8041,231.19,400.46
,,0,2026-03-26T09:30:00Z,2026-03-26T12:00:00Z,2026-03-26T10:32:17Z,device_telemetry,TD-1,success,v1,14.74,Active-Device,5.2,50.138,Obeya-Kormangala,8171.711,0.8013,231.37,400.82
,,0,2026-03-26T09:30:00Z,2026-03-26T12:00:00Z,2026-03-26T10:32:37Z,device_telemetry,TD-1,success,v1,14.69,Active-Device,5.2,50.147,Obeya-Kormangala,8143.401,0.8014,231.48,401
,,0,2026-03-26T09:30:00Z,2026-03-26T12:00:00Z,2026-03-26T10:32:58Z,device_telemetry,TD-1,success,v1,14.66,Active-Device,5.3,50.138,Obeya-Kormangala,8111.419,0.7999,231.5,400.71
,,0,2026-03-26T09:30:00Z,2026-03-26T12:00:00Z,2026-03-26T10:33:19Z,device_telemetry,TD-1,success,v1,14.64,Active-Device,5.3,50.155,Obeya-Kormangala,8100.883,0.7981,231.49,401.19
,,0,2026-03-26T09:30:00Z,2026-03-26T12:00:00Z,2026-03-26T10:33:39Z,device_telemetry,TD-1,success,v1,14.64,Active-Device,5.4,50.172,Obeya-Kormangala,8095.809,0.7987,231.55,401.2
,,0,2026-03-26T09:30:00Z,2026-03-26T12:00:00Z,2026-03-26T10:34:00Z,device_telemetry,TD-1,success,v1,14.61,Active-Device,5.4,50.163,Obeya-Kormangala,8065.239,0.7964,231.87,401.55
,,0,2026-03-26T09:30:00Z,2026-03-26T12:00:00Z,2026-03-26T10:34:21Z,device_telemetry,TD-1,success,v1,14.64,Active-Device,5.5,50.163,Obeya-Kormangala,8092.064,0.7995,231.87,401.6
,,0,2026-03-26T09:30:00Z,2026-03-26T12:00:00Z,2026-03-26T10:34:42Z,device_telemetry,TD-1,success,v1,14.7,Active-Device,5.5,50.147,Obeya-Kormangala,8139.423,0.7989,231.72,401.48
,,0,2026-03-26T09:30:00Z,2026-03-26T12:00:00Z,2026-03-26T10:35:02Z,device_telemetry,TD-1,success,v1,14.73,Active-Device,5.6,50.138,Obeya-Kormangala,8145.851,0.7967,232.3,402.49
,,0,2026-03-26T09:30:00Z,2026-03-26T12:00:00Z,2026-03-26T10:35:23Z,device_telemetry,TD-1,success,v1,14.72,Active-Device,5.6,50.13,Obeya-Kormangala,8117.163,0.7939,232.33,402.5
,,0,2026-03-26T09:30:00Z,2026-03-26T12:00:00Z,2026-03-26T10:35:44Z,device_telemetry,TD-1,success,v1,14.64,Active-Device,5.6,50.155,Obeya-Kormangala,8079.59,0.7973,231.91,401.67
,,0,2026-03-26T09:30:00Z,2026-03-26T12:00:00Z,2026-03-26T10:36:04Z,device_telemetry,TD-1,success,v1,14.72,Active-Device,5.7,50.138,Obeya-Kormangala,8153.558,0.7992,231.89,401.72
,,0,2026-03-26T09:30:00Z,2026-03-26T12:00:00Z,2026-03-26T10:36:25Z,device_telemetry,TD-1,success,v1,14.88,Active-Device,5.7,50.13,Obeya-Kormangala,8302.134,0.8036,232.07,402.06
,,0,2026-03-26T09:30:00Z,2026-03-26T12:00:00Z,2026-03-26T10:36:46Z,device_telemetry,TD-1,success,v1,14.84,Active-Device,5.8,50.138,Obeya-Kormangala,8253.093,0.801,232.14,402.37
,,0,2026-03-26T09:30:00Z,2026-03-26T12:00:00Z,2026-03-26T10:37:06Z,device_telemetry,TD-1,success,v1,14.89,Active-Device,5.8,50.121,Obeya-Kormangala,8304.87,0.8038,231.96,401.97
,,0,2026-03-26T09:30:00Z,2026-03-26T12:00:00Z,2026-03-26T10:37:27Z,device_telemetry,TD-1,success,v1,14.85,Active-Device,5.9,50.113,Obeya-Kormangala,8251.723,0.7978,232.11,402.14
,,0,2026-03-26T09:30:00Z,2026-03-26T12:00:00Z,2026-03-26T10:37:48Z,device_telemetry,TD-1,success,v1,14.68,Active-Device,5.9,50.096,Obeya-Kormangala,8105.834,0.796,232.03,402.05
,,0,2026-03-26T09:30:00Z,2026-03-26T12:00:00Z,2026-03-26T10:38:08Z,device_telemetry,TD-1,success,v1,14.74,Active-Device,6,50.105,Obeya-Kormangala,8158.245,0.7973,232.28,402.36
,,0,2026-03-26T09:30:00Z,2026-03-26T12:00:00Z,2026-03-26T10:38:29Z,device_telemetry,TD-1,success,v1,14.7,Active-Device,6,50.096,Obeya-Kormangala,8106.539,0.7948,232.23,402.26
,,0,2026-03-26T09:30:00Z,2026-03-26T12:00:00Z,2026-03-26T10:38:50Z,device_telemetry,TD-1,success,v1,14.67,Active-Device,6.1,50.08,Obeya-Kormangala,8106.752,0.7969,232.18,401.77
,,0,2026-03-26T09:30:00Z,2026-03-26T12:00:00Z,2026-03-26T10:39:10Z,device_telemetry,TD-1,success,v1,14.74,Active-Device,6.1,50.08,Obeya-Kormangala,8145.603,0.7979,232.09,402
,,0,2026-03-26T09:30:00Z,2026-03-26T12:00:00Z,2026-03-26T10:39:32Z,device_telemetry,TD-1,success,v1,14.77,Active-Device,6.2,50.071,Obeya-Kormangala,8181.148,0.7993,231.97,401.74
,,0,2026-03-26T09:30:00Z,2026-03-26T12:00:00Z,2026-03-26T10:39:52Z,device_telemetry,TD-1,success,v1,14.76,Active-Device,6.2,50.046,Obeya-Kormangala,8173.606,0.7989,231.6,401.17
,,0,2026-03-26T09:30:00Z,2026-03-26T12:00:00Z,2026-03-26T10:40:13Z,device_telemetry,TD-1,success,v1,14.71,Active-Device,6.3,50.046,Obeya-Kormangala,8132.682,0.7997,231.53,401.04
,,0,2026-03-26T09:30:00Z,2026-03-26T12:00:00Z,2026-03-26T10:40:34Z,device_telemetry,TD-1,success,v1,14.73,Active-Device,6.3,50.046,Obeya-Kormangala,8147.58,0.7992,231.58,401.01
,,0,2026-03-26T09:30:00Z,2026-03-26T12:00:00Z,2026-03-26T10:40:54Z,device_telemetry,TD-1,success,v1,14.68,Active-Device,6.4,50.055,Obeya-Kormangala,8102.768,0.7971,231.57,401.08
,,0,2026-03-26T09:30:00Z,2026-03-26T12:00:00Z,2026-03-26T10:41:15Z,device_telemetry,TD-1,success,v1,14.62,Active-Device,6.4,50.071,Obeya-Kormangala,8056.631,0.7994,231.32,400.57
,,0,2026-03-26T09:30:00Z,2026-03-26T12:00:00Z,2026-03-26T10:41:36Z,device_telemetry,TD-1,success,v1,14.68,Active-Device,6.4,50.08,Obeya-Kormangala,8134.865,0.8022,231.22,400.55
,,0,2026-03-26T09:30:00Z,2026-03-26T12:00:00Z,2026-03-26T10:41:57Z,device_telemetry,TD-1,success,v1,14.76,Active-Device,6.5,50.096,Obeya-Kormangala,8190.472,0.8028,231.22,400.58
,,0,2026-03-26T09:30:00Z,2026-03-26T12:00:00Z,2026-03-26T10:42:18Z,device_telemetry,TD-1,success,v1,14.69,Active-Device,6.5,50.08,Obeya-Kormangala,8120.059,0.8015,230.97,400.04
,,0,2026-03-26T09:30:00Z,2026-03-26T12:00:00Z,2026-03-26T10:42:39Z,device_telemetry,TD-1,success,v1,14.64,Active-Device,6.6,50.096,Obeya-Kormangala,8083.222,0.8006,231.23,400.33
,,0,2026-03-26T09:30:00Z,2026-03-26T12:00:00Z,2026-03-26T10:43:00Z,device_telemetry,TD-1,success,v1,14.68,Active-Device,6.6,50.08,Obeya-Kormangala,8117.064,0.8021,231.25,400.35
,,0,2026-03-26T09:30:00Z,2026-03-26T12:00:00Z,2026-03-26T10:43:20Z,device_telemetry,TD-1,success,v1,14.67,Active-Device,6.7,50.121,Obeya-Kormangala,8120.616,0.802,231.16,400.59
,,0,2026-03-26T09:30:00Z,2026-03-26T12:00:00Z,2026-03-26T10:43:41Z,device_telemetry,TD-1,success,v1,14.71,Active-Device,6.7,50.13,Obeya-Kormangala,8153.125,0.8001,231.29,401.17
,,0,2026-03-26T09:30:00Z,2026-03-26T12:00:00Z,2026-03-26T10:44:02Z,device_telemetry,TD-1,success,v1,14.68,Active-Device,6.8,50.13,Obeya-Kormangala,8138.632,0.7998,231.49,401.05
,,0,2026-03-26T09:30:00Z,2026-03-26T12:00:00Z,2026-03-26T10:44:22Z,device_telemetry,TD-1,success,v1,14.67,Active-Device,6.8,50.147,Obeya-Kormangala,8114.496,0.7978,231.65,401.29
,,0,2026-03-26T09:30:00Z,2026-03-26T12:00:00Z,2026-03-26T10:44:43Z,device_telemetry,TD-1,success,v1,14.67,Active-Device,6.9,50.147,Obeya-Kormangala,8107.269,0.7978,231.74,401.4
,,0,2026-03-26T09:30:00Z,2026-03-26T12:00:00Z,2026-03-26T10:45:04Z,device_telemetry,TD-1,success,v1,14.64,Active-Device,6.9,50.163,Obeya-Kormangala,8082.969,0.7977,231.84,401.61
,,0,2026-03-26T09:30:00Z,2026-03-26T12:00:00Z,2026-03-26T10:45:25Z,device_telemetry,TD-1,success,v1,14.66,Active-Device,7,50.172,Obeya-Kormangala,8117.572,0.8,231.78,401.45
,,0,2026-03-26T09:30:00Z,2026-03-26T12:00:00Z,2026-03-26T10:45:45Z,device_telemetry,TD-1,success,v1,14.84,Active-Device,7,50.18,Obeya-Kormangala,8264.338,0.802,232.42,402.6
,,0,2026-03-26T09:30:00Z,2026-03-26T12:00:00Z,2026-03-26T10:46:06Z,device_telemetry,TD-1,success,v1,14.92,Active-Device,7.1,50.188,Obeya-Kormangala,8322.946,0.8032,232.68,402.79
,,0,2026-03-26T09:30:00Z,2026-03-26T12:00:00Z,2026-03-26T10:46:27Z,device_telemetry,TD-1,success,v1,14.97,Active-Device,7.1,50.205,Obeya-Kormangala,8365.766,0.8023,232.66,403.22
,,0,2026-03-26T09:30:00Z,2026-03-26T12:00:00Z,2026-03-26T10:46:48Z,device_telemetry,TD-1,success,v1,14.85,Active-Device,7.2,50.205,Obeya-Kormangala,8231.423,0.7992,232.75,403.12
,,0,2026-03-26T09:30:00Z,2026-03-26T12:00:00Z,2026-03-26T10:47:08Z,device_telemetry,TD-1,success,v1,14.65,Active-Device,7.2,50.197,Obeya-Kormangala,8096.836,0.7968,232.06,402.25
,,0,2026-03-26T09:30:00Z,2026-03-26T12:00:00Z,2026-03-26T10:47:29Z,device_telemetry,TD-1,success,v1,14.65,Active-Device,7.2,50.205,Obeya-Kormangala,8101.557,0.7963,232.22,402.41
,,0,2026-03-26T09:30:00Z,2026-03-26T12:00:00Z,2026-03-26T10:47:49Z,device_telemetry,TD-1,success,v1,14.67,Active-Device,7.3,50.222,Obeya-Kormangala,8119.338,0.7987,232.27,402
,,0,2026-03-26T09:30:00Z,2026-03-26T12:00:00Z,2026-03-26T10:48:10Z,device_telemetry,TD-1,success,v1,14.65,Active-Device,7.3,50.214,Obeya-Kormangala,8119.158,0.7985,231.94,401.84
,,0,2026-03-26T09:30:00Z,2026-03-26T12:00:00Z,2026-03-26T10:48:31Z,device_telemetry,TD-1,success,v1,14.63,Active-Device,7.4,50.205,Obeya-Kormangala,8079.916,0.7972,232.09,401.8
,,0,2026-03-26T09:30:00Z,2026-03-26T12:00:00Z,2026-03-26T10:48:51Z,device_telemetry,TD-1,success,v1,14.61,Active-Device,7.4,50.23,Obeya-Kormangala,8074.924,0.7968,231.98,401.94
,,0,2026-03-26T09:30:00Z,2026-03-26T12:00:00Z,2026-03-26T10:49:12Z,device_telemetry,TD-1,success,v1,14.65,Active-Device,7.5,50.222,Obeya-Kormangala,8106.715,0.799,232.08,401.84
,,0,2026-03-26T09:30:00Z,2026-03-26T12:00:00Z,2026-03-26T10:49:33Z,device_telemetry,TD-1,success,v1,14.64,Active-Device,7.5,50.222,Obeya-Kormangala,8106.163,0.7991,231.91,401.62
,,0,2026-03-26T09:30:00Z,2026-03-26T12:00:00Z,2026-03-26T10:49:53Z,device_telemetry,TD-1,success,v1,14.68,Active-Device,7.6,50.214,Obeya-Kormangala,8159.8,0.8026,231.9,401.75
,,0,2026-03-26T09:30:00Z,2026-03-26T12:00:00Z,2026-03-26T10:50:14Z,device_telemetry,TD-1,success,v1,14.89,Active-Device,7.6,50.214,Obeya-Kormangala,8315.367,0.8073,231.86,401.61
,,0,2026-03-26T09:30:00Z,2026-03-26T12:00:00Z,2026-03-26T10:50:35Z,device_telemetry,TD-1,success,v1,14.89,Active-Device,7.7,50.222,Obeya-Kormangala,8313.101,0.8049,231.83,402.38
,,0,2026-03-26T09:30:00Z,2026-03-26T12:00:00Z,2026-03-26T10:50:55Z,device_telemetry,TD-1,success,v1,14.71,Active-Device,7.7,50.23,Obeya-Kormangala,8174.327,0.8008,231.83,401.67
,,0,2026-03-26T09:30:00Z,2026-03-26T12:00:00Z,2026-03-26T10:51:16Z,device_telemetry,TD-1,success,v1,14.7,Active-Device,7.8,50.239,Obeya-Kormangala,8142.586,0.7997,232.02,401.86
,,0,2026-03-26T09:30:00Z,2026-03-26T12:00:00Z,2026-03-26T10:51:36Z,device_telemetry,TD-1,success,v1,14.66,Active-Device,7.8,50.214,Obeya-Kormangala,8136.264,0.8003,231.96,401.86
,,0,2026-03-26T09:30:00Z,2026-03-26T12:00:00Z,2026-03-26T10:51:57Z,device_telemetry,TD-1,success,v1,14.7,Active-Device,7.9,50.214,Obeya-Kormangala,8149.981,0.8002,232.06,401.84
,,0,2026-03-26T09:30:00Z,2026-03-26T12:00:00Z,2026-03-26T10:52:18Z,device_telemetry,TD-1,success,v1,14.7,Active-Device,7.9,50.222,Obeya-Kormangala,8149.353,0.8002,232.03,401.59
,,0,2026-03-26T09:30:00Z,2026-03-26T12:00:00Z,2026-03-26T10:52:39Z,device_telemetry,TD-1,success,v1,14.67,Active-Device,7.9,50.222,Obeya-Kormangala,8122.308,0.7998,231.93,401.78
,,0,2026-03-26T09:30:00Z,2026-03-26T12:00:00Z,2026-03-26T10:52:59Z,device_telemetry,TD-1,success,v1,14.6,Active-Device,8,50.214,Obeya-Kormangala,8076.14,0.7989,231.78,401.37
,,0,2026-03-26T09:30:00Z,2026-03-26T12:00:00Z,2026-03-26T10:53:20Z,device_telemetry,TD-1,success,v1,14.58,Active-Device,8,50.222,Obeya-Kormangala,8071.232,0.8005,231.59,401.15
,,0,2026-03-26T09:30:00Z,2026-03-26T12:00:00Z,2026-03-26T10:53:41Z,device_telemetry,TD-1,success,v1,14.63,Active-Device,8.1,50.214,Obeya-Kormangala,8099.017,0.7989,231.78,401.65
,,0,2026-03-26T09:30:00Z,2026-03-26T12:00:00Z,2026-03-26T10:54:01Z,device_telemetry,TD-1,success,v1,14.66,Active-Device,8.1,50.214,Obeya-Kormangala,8125.276,0.8007,231.9,401.74
,,0,2026-03-26T09:30:00Z,2026-03-26T12:00:00Z,2026-03-26T10:54:22Z,device_telemetry,TD-1,success,v1,14.67,Active-Device,8.2,50.205,Obeya-Kormangala,8118.344,0.7992,231.85,401.72
,,0,2026-03-26T09:30:00Z,2026-03-26T12:00:00Z,2026-03-26T10:54:43Z,device_telemetry,TD-1,success,v1,14.75,Active-Device,8.2,50.214,Obeya-Kormangala,8208.76,0.8033,231.91,401.91
,,0,2026-03-26T09:30:00Z,2026-03-26T12:00:00Z,2026-03-26T10:55:03Z,device_telemetry,TD-1,success,v1,14.71,Active-Device,8.3,50.214,Obeya-Kormangala,8149.971,0.7985,232.15,402.01
,,0,2026-03-26T09:30:00Z,2026-03-26T12:00:00Z,2026-03-26T10:55:24Z,device_telemetry,TD-1,success,v1,14.62,Active-Device,8.3,50.205,Obeya-Kormangala,8084.079,0.7975,232,401.85
,,0,2026-03-26T09:30:00Z,2026-03-26T12:00:00Z,2026-03-26T10:55:45Z,device_telemetry,TD-1,success,v1,14.59,Active-Device,8.4,50.222,Obeya-Kormangala,8051.401,0.7973,231.88,401.75
,,0,2026-03-26T09:30:00Z,2026-03-26T12:00:00Z,2026-03-26T10:56:05Z,device_telemetry,TD-1,success,v1,14.57,Active-Device,8.4,50.205,Obeya-Kormangala,8053.414,0.7994,231.55,400.75
,,0,2026-03-26T09:30:00Z,2026-03-26T12:00:00Z,2026-03-26T10:56:26Z,device_telemetry,TD-1,success,v1,14.61,Active-Device,8.5,50.205,Obeya-Kormangala,8077.137,0.7968,231.53,402.04
,,0,2026-03-26T09:30:00Z,2026-03-26T12:00:00Z,2026-03-26T10:56:46Z,device_telemetry,TD-1,success,v1,14.67,Active-Device,8.5,50.205,Obeya-Kormangala,8122.681,0.7975,232.09,402.23
,,0,2026-03-26T09:30:00Z,2026-03-26T12:00:00Z,2026-03-26T10:57:07Z,device_telemetry,TD-1,success,v1,14.72,Active-Device,8.6,50.205,Obeya-Kormangala,8187.66,0.8031,231.76,400.94
,,0,2026-03-26T09:30:00Z,2026-03-26T12:00:00Z,2026-03-26T10:57:27Z,device_telemetry,TD-1,success,v1,14.66,Active-Device,8.6,50.205,Obeya-Kormangala,8135.487,0.8024,231.43,400.63
,,0,2026-03-26T09:30:00Z,2026-03-26T12:00:00Z,2026-03-26T10:57:48Z,device_telemetry,TD-1,success,v1,14.68,Active-Device,8.6,50.214,Obeya-Kormangala,8159.526,0.8042,231.38,400.84
,,0,2026-03-26T09:30:00Z,2026-03-26T12:00:00Z,2026-03-26T10:58:09Z,device_telemetry,TD-1,success,v1,14.6,Active-Device,8.7,50.214,Obeya-Kormangala,8084.599,0.8006,231.29,400.71
,,0,2026-03-26T09:30:00Z,2026-03-26T12:00:00Z,2026-03-26T10:58:29Z,device_telemetry,TD-1,success,v1,14.57,Active-Device,8.7,50.205,Obeya-Kormangala,8059.361,0.8011,231.28,400.35
,,0,2026-03-26T09:30:00Z,2026-03-26T12:00:00Z,2026-03-26T10:58:50Z,device_telemetry,TD-1,success,v1,14.55,Active-Device,8.8,50.205,Obeya-Kormangala,8062.632,0.8021,231.02,400.19
,,0,2026-03-26T09:30:00Z,2026-03-26T12:00:00Z,2026-03-26T10:59:11Z,device_telemetry,TD-1,success,v1,14.65,Active-Device,8.8,50.214,Obeya-Kormangala,8124.857,0.8017,231.2,401.21
,,0,2026-03-26T09:30:00Z,2026-03-26T12:00:00Z,2026-03-26T10:59:32Z,device_telemetry,TD-1,success,v1,14.61,Active-Device,8.9,50.205,Obeya-Kormangala,8089.258,0.8013,231.28,400.92
,,0,2026-03-26T09:30:00Z,2026-03-26T12:00:00Z,2026-03-26T10:59:52Z,device_telemetry,TD-1,success,v1,14.69,Active-Device,8.9,50.205,Obeya-Kormangala,8149.124,0.8013,231.55,401.03
,,0,2026-03-26T09:30:00Z,2026-03-26T12:00:00Z,2026-03-26T11:00:13Z,device_telemetry,TD-1,success,v1,14.63,Active-Device,9,50.205,Obeya-Kormangala,8108.699,0.8018,231.66,401.12
,,0,2026-03-26T09:30:00Z,2026-03-26T12:00:00Z,2026-03-26T11:00:33Z,device_telemetry,TD-1,success,v1,14.69,Active-Device,9,50.222,Obeya-Kormangala,8141.083,0.7985,231.57,402.33
,,0,2026-03-26T09:30:00Z,2026-03-26T12:00:00Z,2026-03-26T11:00:54Z,device_telemetry,TD-1,success,v1,14.68,Active-Device,9.1,50.23,Obeya-Kormangala,8115.625,0.7965,232.41,402.58
,,0,2026-03-26T09:30:00Z,2026-03-26T12:00:00Z,2026-03-26T11:01:15Z,device_telemetry,TD-1,success,v1,14.65,Active-Device,9.1,50.273,Obeya-Kormangala,8091.071,0.795,232.72,403.13
,,0,2026-03-26T09:30:00Z,2026-03-26T12:00:00Z,2026-03-26T11:01:35Z,device_telemetry,TD-1,success,v1,14.58,Active-Device,9.2,50.281,Obeya-Kormangala,8067.311,0.7988,231.88,401.65
,,0,2026-03-26T09:30:00Z,2026-03-26T12:00:00Z,2026-03-26T11:01:56Z,device_telemetry,TD-1,success,v1,14.6,Active-Device,9.2,50.289,Obeya-Kormangala,8082.045,0.7981,232.12,402.07
,,0,2026-03-26T09:30:00Z,2026-03-26T12:00:00Z,2026-03-26T11:02:16Z,device_telemetry,TD-1,success,v1,14.63,Active-Device,9.2,50.298,Obeya-Kormangala,8123.057,0.7993,232.13,402.2
,,0,2026-03-26T09:30:00Z,2026-03-26T12:00:00Z,2026-03-26T11:02:37Z,device_telemetry,TD-1,success,v1,14.61,Active-Device,9.3,50.306,Obeya-Kormangala,8088.802,0.7985,232.15,402.1
,,0,2026-03-26T09:30:00Z,2026-03-26T12:00:00Z,2026-03-26T11:02:58Z,device_telemetry,TD-1,success,v1,14.57,Active-Device,9.3,50.298,Obeya-Kormangala,8069.944,0.7984,232.12,401.93
,,0,2026-03-26T09:30:00Z,2026-03-26T12:00:00Z,2026-03-26T11:03:18Z,device_telemetry,TD-1,success,v1,14.56,Active-Device,9.4,50.289,Obeya-Kormangala,8036.776,0.7967,231.97,402
,,0,2026-03-26T09:30:00Z,2026-03-26T12:00:00Z,2026-03-26T11:03:39Z,device_telemetry,TD-1,success,v1,14.54,Active-Device,9.4,50.289,Obeya-Kormangala,8034.983,0.7979,231.81,401.84
,,0,2026-03-26T09:30:00Z,2026-03-26T12:00:00Z,2026-03-26T11:03:59Z,device_telemetry,TD-1,success,v1,14.55,Active-Device,9.5,50.298,Obeya-Kormangala,8051.573,0.7977,231.88,401.77
,,0,2026-03-26T09:30:00Z,2026-03-26T12:00:00Z,2026-03-26T11:04:20Z,device_telemetry,TD-1,success,v1,14.6,Active-Device,9.5,50.289,Obeya-Kormangala,8078.667,0.7981,232.01,401.89
,,0,2026-03-26T09:30:00Z,2026-03-26T12:00:00Z,2026-03-26T11:04:41Z,device_telemetry,TD-1,success,v1,14.67,Active-Device,9.6,50.289,Obeya-Kormangala,8175.192,0.8041,231.92,401.73
,,0,2026-03-26T09:30:00Z,2026-03-26T12:00:00Z,2026-03-26T11:05:01Z,device_telemetry,TD-1,success,v1,14.79,Active-Device,9.6,50.281,Obeya-Kormangala,8242.772,0.8032,231.95,401.53
,,0,2026-03-26T09:30:00Z,2026-03-26T12:00:00Z,2026-03-26T11:05:21Z,device_telemetry,TD-1,success,v1,14.63,Active-Device,9.7,50.281,Obeya-Kormangala,8102.815,0.7994,231.76,401.64
,,0,2026-03-26T09:30:00Z,2026-03-26T12:00:00Z,2026-03-26T11:05:42Z,device_telemetry,TD-1,success,v1,14.69,Active-Device,9.7,50.264,Obeya-Kormangala,8174.145,0.8035,231.85,401.37
,,0,2026-03-26T09:30:00Z,2026-03-26T12:00:00Z,2026-03-26T11:06:03Z,device_telemetry,TD-1,success,v1,14.76,Active-Device,9.8,50.264,Obeya-Kormangala,8213.617,0.8032,231.76,401.51
,,0,2026-03-26T09:30:00Z,2026-03-26T12:00:00Z,2026-03-26T11:06:23Z,device_telemetry,TD-1,success,v1,14.68,Active-Device,9.8,50.273,Obeya-Kormangala,8147.444,0.8001,231.9,401.66
,,0,2026-03-26T09:30:00Z,2026-03-26T12:00:00Z,2026-03-26T11:06:44Z,device_telemetry,TD-1,success,v1,14.6,Active-Device,9.9,50.273,Obeya-Kormangala,8084.359,0.8,231.92,401.62
,,0,2026-03-26T09:30:00Z,2026-03-26T12:00:00Z,2026-03-26T11:07:05Z,device_telemetry,TD-1,success,v1,14.55,Active-Device,9.9,50.247,Obeya-Kormangala,8073.74,0.8006,231.12,401.31
,,0,2026-03-26T09:30:00Z,2026-03-26T12:00:00Z,2026-03-26T11:07:25Z,device_telemetry,TD-1,success,v1,14.6,Active-Device,9.9,50.256,Obeya-Kormangala,8082.505,0.7988,231.88,401.75
,,0,2026-03-26T09:30:00Z,2026-03-26T12:00:00Z,2026-03-26T11:07:46Z,device_telemetry,TD-1,success,v1,14.63,Active-Device,10,50.273,Obeya-Kormangala,8088.786,0.8006,231.83,401.69
,,0,2026-03-26T09:30:00Z,2026-03-26T12:00:00Z,2026-03-26T11:08:07Z,device_telemetry,TD-1,success,v1,14.73,Active-Device,10,50.273,Obeya-Kormangala,8193.89,0.8032,231.97,402.08
,,0,2026-03-26T09:30:00Z,2026-03-26T12:00:00Z,2026-03-26T11:08:27Z,device_telemetry,TD-1,success,v1,14.8,Active-Device,10.1,50.273,Obeya-Kormangala,8263.309,0.8055,232.1,402
,,0,2026-03-26T09:30:00Z,2026-03-26T12:00:00Z,2026-03-26T11:08:48Z,device_telemetry,TD-1,success,v1,14.8,Active-Device,10.1,50.256,Obeya-Kormangala,8263.113,0.8056,231.93,401.48
,,0,2026-03-26T09:30:00Z,2026-03-26T12:00:00Z,2026-03-26T11:09:08Z,device_telemetry,TD-1,success,v1,14.8,Active-Device,10.2,50.247,Obeya-Kormangala,8238.479,0.8028,231.66,401.56
,,0,2026-03-26T09:30:00Z,2026-03-26T12:00:00Z,2026-03-26T11:09:29Z,device_telemetry,TD-1,success,v1,14.65,Active-Device,10.2,50.222,Obeya-Kormangala,8109.357,0.7984,231.71,401.55
,,0,2026-03-26T09:30:00Z,2026-03-26T12:00:00Z,2026-03-26T11:09:49Z,device_telemetry,TD-1,success,v1,14.62,Active-Device,10.3,50.214,Obeya-Kormangala,8100.346,0.7986,231.88,401.7
,,0,2026-03-26T09:30:00Z,2026-03-26T12:00:00Z,2026-03-26T11:10:09Z,device_telemetry,TD-1,success,v1,14.62,Active-Device,10.3,50.205,Obeya-Kormangala,8095.486,0.7991,231.73,401.36
,,0,2026-03-26T09:30:00Z,2026-03-26T12:00:00Z,2026-03-26T11:10:30Z,device_telemetry,TD-1,success,v1,14.65,Active-Device,10.4,50.239,Obeya-Kormangala,8119.621,0.7994,231.77,401.51
,,0,2026-03-26T09:30:00Z,2026-03-26T12:00:00Z,2026-03-26T11:10:50Z,device_telemetry,TD-1,success,v1,14.67,Active-Device,10.4,50.23,Obeya-Kormangala,8128.138,0.7964,232.3,402.15
,,0,2026-03-26T09:30:00Z,2026-03-26T12:00:00Z,2026-03-26T11:11:11Z,device_telemetry,TD-1,success,v1,14.58,Active-Device,10.5,50.247,Obeya-Kormangala,8042.595,0.7952,232.34,402.24
,,0,2026-03-26T09:30:00Z,2026-03-26T12:00:00Z,2026-03-26T11:11:32Z,device_telemetry,TD-1,success,v1,14.62,Active-Device,10.5,50.247,Obeya-Kormangala,8073.91,0.7946,232.54,402.68
,,0,2026-03-26T09:30:00Z,2026-03-26T12:00:00Z,2026-03-26T11:11:52Z,device_telemetry,TD-1,success,v1,14.6,Active-Device,10.6,50.23,Obeya-Kormangala,8068.581,0.7982,232.31,402.24
,,0,2026-03-26T09:30:00Z,2026-03-26T12:00:00Z,2026-03-26T11:12:13Z,device_telemetry,TD-1,success,v1,14.57,Active-Device,10.6,50.214,Obeya-Kormangala,8061.333,0.8001,231.57,400.97
,,0,2026-03-26T09:30:00Z,2026-03-26T12:00:00Z,2026-03-26T11:12:34Z,device_telemetry,TD-1,success,v1,14.6,Active-Device,10.6,50.23,Obeya-Kormangala,8074.06,0.7982,231.64,401.41
,,0,2026-03-26T09:30:00Z,2026-03-26T12:00:00Z,2026-03-26T11:12:54Z,device_telemetry,TD-1,success,v1,14.55,Active-Device,10.7,50.214,Obeya-Kormangala,8038.715,0.7977,231.65,401.23
,,0,2026-03-26T09:30:00Z,2026-03-26T12:00:00Z,2026-03-26T11:13:14Z,device_telemetry,TD-1,success,v1,14.57,Active-Device,10.7,50.214,Obeya-Kormangala,8046.702,0.7983,231.63,401.15
,,0,2026-03-26T09:30:00Z,2026-03-26T12:00:00Z,2026-03-26T11:13:35Z,device_telemetry,TD-1,success,v1,14.58,Active-Device,10.8,50.222,Obeya-Kormangala,8059.483,0.7989,231.45,401.02
,,0,2026-03-26T09:30:00Z,2026-03-26T12:00:00Z,2026-03-26T11:13:56Z,device_telemetry,TD-1,success,v1,14.52,Active-Device,10.8,50.23,Obeya-Kormangala,8018.277,0.7994,231.42,400.81
,,0,2026-03-26T09:30:00Z,2026-03-26T12:00:00Z,2026-03-26T11:14:17Z,device_telemetry,TD-1,success,v1,14.52,Active-Device,10.9,50.247,Obeya-Kormangala,8027.371,0.7991,231.37,400.85
,,0,2026-03-26T09:30:00Z,2026-03-26T12:00:00Z,2026-03-26T11:14:37Z,device_telemetry,TD-1,success,v1,14.53,Active-Device,10.9,50.247,Obeya-Kormangala,8031.221,0.7999,231.45,400.67
,,0,2026-03-26T09:30:00Z,2026-03-26T12:00:00Z,2026-03-26T11:14:58Z,device_telemetry,TD-1,success,v1,14.52,Active-Device,11,50.222,Obeya-Kormangala,8029.677,0.7997,231.37,400.6
,,0,2026-03-26T09:30:00Z,2026-03-26T12:00:00Z,2026-03-26T11:15:18Z,device_telemetry,TD-1,success,v1,14.52,Active-Device,11,50.214,Obeya-Kormangala,8028.811,0.7997,231.09,400.4
,,0,2026-03-26T09:30:00Z,2026-03-26T12:00:00Z,2026-03-26T11:15:39Z,device_telemetry,TD-1,success,v1,14.55,Active-Device,11.1,50.222,Obeya-Kormangala,8046.794,0.8,231.36,400.78
,,0,2026-03-26T09:30:00Z,2026-03-26T12:00:00Z,2026-03-26T11:15:59Z,device_telemetry,TD-1,success,v1,14.6,Active-Device,11.1,50.23,Obeya-Kormangala,8086.763,0.7995,231.46,401.33
,,0,2026-03-26T09:30:00Z,2026-03-26T12:00:00Z,2026-03-26T11:16:20Z,device_telemetry,TD-1,success,v1,14.66,Active-Device,11.1,50.222,Obeya-Kormangala,8123.382,0.7987,231.66,401.2
,,0,2026-03-26T09:30:00Z,2026-03-26T12:00:00Z,2026-03-26T11:16:41Z,device_telemetry,TD-1,success,v1,14.65,Active-Device,11.2,50.222,Obeya-Kormangala,8087.454,0.7969,232.05,402.07
,,0,2026-03-26T09:30:00Z,2026-03-26T12:00:00Z,2026-03-26T11:17:01Z,device_telemetry,TD-1,success,v1,14.59,Active-Device,11.2,50.214,Obeya-Kormangala,8045.125,0.7944,232.13,402.15
,,0,2026-03-26T09:30:00Z,2026-03-26T12:00:00Z,2026-03-26T11:17:22Z,device_telemetry,TD-1,success,v1,14.58,Active-Device,11.3,50.222,Obeya-Kormangala,8033.716,0.795,231.98,401.94
,,0,2026-03-26T09:30:00Z,2026-03-26T12:00:00Z,2026-03-26T11:17:43Z,device_telemetry,TD-1,success,v1,14.6,Active-Device,11.3,50.197,Obeya-Kormangala,8036.655,0.7906,232.13,403.22
,,0,2026-03-26T09:30:00Z,2026-03-26T12:00:00Z,2026-03-26T11:18:03Z,device_telemetry,TD-1,success,v1,14.55,Active-Device,11.4,50.188,Obeya-Kormangala,8011.555,0.7932,232.28,402.52
,,0,2026-03-26T09:30:00Z,2026-03-26T12:00:00Z,2026-03-26T11:18:24Z,device_telemetry,TD-1,success,v1,14.57,Active-Device,11.4,50.172,Obeya-Kormangala,8014.014,0.7936,232.33,402.16
,,0,2026-03-26T09:30:00Z,2026-03-26T12:00:00Z,2026-03-26T11:18:45Z,device_telemetry,TD-1,success,v1,14.61,Active-Device,11.5,50.172,Obeya-Kormangala,8054.566,0.7957,232.14,402.12
,,0,2026-03-26T09:30:00Z,2026-03-26T12:00:00Z,2026-03-26T11:19:05Z,device_telemetry,TD-1,success,v1,14.66,Active-Device,11.5,50.163,Obeya-Kormangala,8080.271,0.795,232.36,402.48
,,0,2026-03-26T09:30:00Z,2026-03-26T12:00:00Z,2026-03-26T11:19:26Z,device_telemetry,TD-1,success,v1,14.63,Active-Device,11.6,50.155,Obeya-Kormangala,8063.621,0.7946,232.12,402.28
,,0,2026-03-26T09:30:00Z,2026-03-26T12:00:00Z,2026-03-26T11:19:47Z,device_telemetry,TD-1,success,v1,14.65,Active-Device,11.6,50.13,Obeya-Kormangala,8074.413,0.7943,232.18,402.25
,,0,2026-03-26T09:30:00Z,2026-03-26T12:00:00Z,2026-03-26T11:20:07Z,device_telemetry,TD-1,success,v1,14.64,Active-Device,11.7,50.121,Obeya-Kormangala,8090.089,0.7982,232.19,401.64
,,0,2026-03-26T09:30:00Z,2026-03-26T12:00:00Z,2026-03-26T11:20:28Z,device_telemetry,TD-1,success,v1,14.66,Active-Device,11.7,50.13,Obeya-Kormangala,8098.095,0.7986,231.65,401.37
,,0,2026-03-26T09:30:00Z,2026-03-26T12:00:00Z,2026-03-26T11:20:49Z,device_telemetry,TD-1,success,v1,14.67,Active-Device,11.8,50.138,Obeya-Kormangala,8125.515,0.8009,231.54,401.11
,,0,2026-03-26T09:30:00Z,2026-03-26T12:00:00Z,2026-03-26T11:21:09Z,device_telemetry,TD-1,success,v1,14.63,Active-Device,11.8,50.121,Obeya-Kormangala,8078.056,0.7973,231.56,401.54
,,0,2026-03-26T09:30:00Z,2026-03-26T12:00:00Z,2026-03-26T11:21:30Z,device_telemetry,TD-1,success,v1,14.66,Active-Device,11.8,50.113,Obeya-Kormangala,8100.315,0.7971,231.83,401.34
,,0,2026-03-26T09:30:00Z,2026-03-26T12:00:00Z,2026-03-26T11:21:50Z,device_telemetry,TD-1,success,v1,14.61,Active-Device,11.9,50.071,Obeya-Kormangala,8047.258,0.7955,231.68,401.28
,,0,2026-03-26T09:30:00Z,2026-03-26T12:00:00Z,2026-03-26T11:22:10Z,device_telemetry,TD-1,success,v1,14.65,Active-Device,11.9,50.088,Obeya-Kormangala,8077.907,0.794,231.62,401.94
,,0,2026-03-26T09:30:00Z,2026-03-26T12:00:00Z,2026-03-26T11:22:31Z,device_telemetry,TD-1,success,v1,14.65,Active-Device,12,50.088,Obeya-Kormangala,8069.407,0.7933,232.26,402.16
,,0,2026-03-26T09:30:00Z,2026-03-26T12:00:00Z,2026-03-26T11:22:51Z,device_telemetry,TD-1,success,v1,14.63,Active-Device,12,50.096,Obeya-Kormangala,8017.456,0.7925,232.28,401.62

